<?xml version="1.0" encoding="utf-8"?>
<extension type="component" version="1.5.0" method="upgrade">
	<name>Simple Registration</name>
	<version>3.0</version>
	<creationDate>2013-03-17</creationDate>
	<author>GiBiLogic</author>
	<authorEmail>info@gibilogic.com</authorEmail>
	<authorUrl>http://www.gibilogic..com</authorUrl>
	<copyright>Copyright (C) 2011-2012 GiBiLogic. All rights reserved</copyright>
	<license>GNU General Public License &lt;http://www.fsf.org/licensing/licenses/gpl.html&gt;</license>
	<description><![CDATA[
		<img src='http://extensions.gibilogic.com/images/gibilogicextensions-150x150.png' alt='' style='float: left;margin: 0 10px 10px 0' />
		<h1>GiBi Simpleregistration</h1>
		<h2>A Joomla extension by <a href="http://www.gibilogic.com">GiBiLogic</a></h2>
		<p>This component allows user to register by inserting only an e-mail address: it will be used both as "Full name" and "Username"; password will be created randomly and sent to the user.</p>
		<p>To use this component, just create a menu item which links to Simple Registration -> Registration Form.</p>
		<p>Discover other extension by <strong>GiBiLogic</strong> at <a href="http://extensions.gibilogic.com">extensions.gibilogic.com</a></p>
	]]></description>
	<administration>
		<menu link="option=com_simpleregistration">com_simpleregistration</menu>
		<files folder="backend">
			<filename>simpleregistration.php</filename>
			<filename>config.xml</filename>
			<filename>controller.php</filename>
			<filename>index.html</filename>
			<folder>views</folder>
		</files>
		<languages folder="language/backend">
			<language tag="en-GB">en-GB.com_simpleregistration.ini</language>
			<language tag="en-GB">en-GB.com_simpleregistration.sys.ini</language>
			<language tag="it-IT">it-IT.com_simpleregistration.ini</language>
			<language tag="it-IT">it-IT.com_simpleregistration.sys.ini</language>
		</languages>
	</administration>
	<files folder="frontend">
		<filename>simpleregistration.php</filename>
		<filename>controller.php</filename>
		<filename>index.html</filename>
		<folder>views</folder>
	</files>
	<languages folder="language/frontend">
		<language tag="en-GB">en-GB.com_simpleregistration.ini</language>
		<language tag="it-IT">it-IT.com_simpleregistration.ini</language>
    </languages>
</extension>
